{"cameraMode":{"drawMode":0,"name":"Shaded","section":"Shading Mode"},"sceneLighting":false,"audioPlay":false,"sceneViewState":{"showFog":true,"showMaterialUpdate":false,"showSkybox":false,"showFlares":true,"showImageEffects":true,"showParticleSystems":true},"in2DMode":false,"pivot":{"x":-0.27101093530654909,"y":-0.10082143545150757,"z":0.7647116184234619},"rotation":{"x":-0.08394282311201096,"y":0.8859106302261353,"z":-0.17681662738323213,"w":-0.42053768038749697},"size":0.9869193434715271,"orthographic":false}