{"cameraMode":{"drawMode":0,"name":"Shaded","section":"Shading Mode"},"sceneLighting":true,"audioPlay":false,"sceneViewState":{"showFog":true,"showMaterialUpdate":false,"showSkybox":true,"showFlares":true,"showImageEffects":true,"showParticleSystems":true},"in2DMode":false,"pivot":{"x":0.6930801868438721,"y":0.6883454322814941,"z":2.8356285095214845},"rotation":{"x":-0.1681451052427292,"y":0.3978685736656189,"z":-0.0744316577911377,"w":-0.8988258242607117},"size":4.778054714202881,"orthographic":false}