{"cameraMode":{"drawMode":0,"name":"Shaded","section":"Shading Mode"},"sceneLighting":true,"audioPlay":false,"sceneViewState":{"showFog":true,"showMaterialUpdate":false,"showSkybox":true,"showFlares":true,"showImageEffects":true,"showParticleSystems":true},"in2DMode":false,"pivot":{"x":-20.062963485717775,"y":-13.268627166748047,"z":0.9837759733200073},"rotation":{"x":0.22743652760982514,"y":0.24891601502895356,"z":-0.060266535729169849,"w":0.939511239528656},"size":131.43887329101563,"orthographic":false}