{"cameraMode":{"drawMode":0,"name":"Shaded","section":"Shading Mode"},"sceneLighting":false,"audioPlay":false,"sceneViewState":{"showFog":true,"showMaterialUpdate":false,"showSkybox":false,"showFlares":true,"showImageEffects":true,"showParticleSystems":true},"in2DMode":false,"pivot":{"x":-5.799636363983154,"y":1.2005047798156739,"z":-10.380183219909668},"rotation":{"x":-0.012687811627984047,"y":-0.9677945375442505,"z":0.04982105270028114,"w":-0.2464360147714615},"size":0.7474844455718994,"orthographic":false}