{"cameraMode":{"drawMode":0,"name":"Shaded","section":"Shading Mode"},"sceneLighting":false,"audioPlay":false,"sceneViewState":{"showFog":true,"showMaterialUpdate":false,"showSkybox":false,"showFlares":true,"showImageEffects":true,"showParticleSystems":true},"in2DMode":false,"pivot":{"x":6.118029594421387,"y":1.0870721340179444,"z":-11.332071304321289},"rotation":{"x":-0.029382778331637384,"y":-0.8576574921607971,"z":0.049312155693769458,"w":-0.5110074877738953},"size":4.852834224700928,"orthographic":false}