{"cameraMode":{"drawMode":0,"name":"Shaded","section":"Shading Mode"},"sceneLighting":false,"audioPlay":false,"sceneViewState":{"showFog":true,"showMaterialUpdate":false,"showSkybox":false,"showFlares":true,"showImageEffects":true,"showParticleSystems":true},"in2DMode":false,"pivot":{"x":2.384185791015625e-7,"y":0.9505243301391602,"z":0.0},"rotation":{"x":-0.0012335581704974175,"y":0.9951043725013733,"z":-0.012441433034837246,"w":-0.09803597629070282},"size":5.115898132324219,"orthographic":false}