{"cameraMode":{"drawMode":0,"name":"Shaded","section":"Shading Mode"},"sceneLighting":false,"audioPlay":false,"sceneViewState":{"showFog":true,"showMaterialUpdate":false,"showSkybox":false,"showFlares":true,"showImageEffects":true,"showParticleSystems":true},"in2DMode":false,"pivot":{"x":0.21722272038459779,"y":-0.0371185839176178,"z":-0.46824556589126589},"rotation":{"x":-0.3329677879810333,"y":-0.11090251058340073,"z":0.03947999328374863,"w":-0.9355610609054565},"size":2.3032588958740236,"orthographic":false}