{"cameraMode":{"drawMode":0,"name":"Shaded","section":"Shading Mode"},"sceneLighting":true,"audioPlay":false,"sceneViewState":{"showFog":true,"showMaterialUpdate":false,"showSkybox":true,"showFlares":true,"showImageEffects":true,"showParticleSystems":true},"in2DMode":false,"pivot":{"x":1.0988304615020753,"y":-2.060917854309082,"z":-9.833186149597168},"rotation":{"x":-0.14229628443717957,"y":0.6889286041259766,"z":-0.1407119631767273,"w":-0.6966558694839478},"size":11.976299285888672,"orthographic":false}