{"cameraMode":{"drawMode":0,"name":"Shaded","section":"Shading Mode"},"sceneLighting":false,"audioPlay":false,"sceneViewState":{"showFog":true,"showMaterialUpdate":false,"showSkybox":false,"showFlares":true,"showImageEffects":true,"showParticleSystems":true},"in2DMode":false,"pivot":{"x":-0.7745819687843323,"y":0.24508529901504517,"z":-2.228163719177246},"rotation":{"x":-0.17461499571800233,"y":-0.14602866768836976,"z":0.026202881708741189,"w":-0.9733954668045044},"size":1.245234489440918,"orthographic":false}