{"cameraMode":{"drawMode":0,"name":"Shaded","section":"Shading Mode"},"sceneLighting":false,"audioPlay":false,"sceneViewState":{"showFog":true,"showMaterialUpdate":false,"showSkybox":false,"showFlares":true,"showImageEffects":true,"showParticleSystems":true},"in2DMode":false,"pivot":{"x":-0.025043606758117677,"y":-0.04521849751472473,"z":0.3668041229248047},"rotation":{"x":-0.0057126679457724098,"y":-0.9932123422622681,"z":0.055612217634916309,"w":-0.10199974477291107},"size":2.9393603801727297,"orthographic":false}