{"cameraMode":{"drawMode":0,"name":"Shaded","section":"Shading Mode"},"sceneLighting":false,"audioPlay":false,"sceneViewState":{"showFog":true,"showMaterialUpdate":false,"showSkybox":false,"showFlares":true,"showImageEffects":true,"showParticleSystems":true},"in2DMode":false,"pivot":{"x":2.5954906940460207,"y":-0.7833074927330017,"z":-0.3327231705188751},"rotation":{"x":0.1255650520324707,"y":0.6605486869812012,"z":-0.11340209096670151,"w":0.7314704060554504},"size":5.829462051391602,"orthographic":false}