{"cameraMode":{"drawMode":0,"name":"Shaded","section":"Shading Mode"},"sceneLighting":false,"audioPlay":false,"sceneViewState":{"showFog":true,"showMaterialUpdate":false,"showSkybox":false,"showFlares":true,"showImageEffects":true,"showParticleSystems":true},"in2DMode":false,"pivot":{"x":-2.2084951400756838,"y":0.646349310874939,"z":-0.1513327658176422},"rotation":{"x":0.09924499690532685,"y":-0.7462894320487976,"z":0.11426786333322525,"w":0.6481863260269165},"size":4.778054714202881,"orthographic":false}