{"cameraMode":{"drawMode":0,"name":"Shaded","section":"Shading Mode"},"sceneLighting":true,"audioPlay":false,"sceneViewState":{"showFog":true,"showMaterialUpdate":false,"showSkybox":true,"showFlares":true,"showImageEffects":true,"showParticleSystems":true},"in2DMode":false,"pivot":{"x":0.3726062774658203,"y":-14.58847427368164,"z":12.598926544189454},"rotation":{"x":0.26919761300086977,"y":-0.11085422337055206,"z":0.031199099496006967,"w":0.9561750292778015},"size":49.705081939697269,"orthographic":false}