{"cameraMode":{"drawMode":0,"name":"Shaded","section":"Shading Mode"},"sceneLighting":false,"audioPlay":false,"sceneViewState":{"showFog":true,"showMaterialUpdate":false,"showSkybox":false,"showFlares":true,"showImageEffects":true,"showParticleSystems":true},"in2DMode":false,"pivot":{"x":5.913727283477783,"y":1.2523512840270997,"z":-11.767473220825196},"rotation":{"x":-0.022559383884072305,"y":-0.7846409678459168,"z":0.02859930880367756,"w":-0.6188794374465942},"size":2.7528340816497804,"orthographic":false}