{"cameraMode":{"drawMode":0,"name":"Shaded","section":"Shading Mode"},"sceneLighting":false,"audioPlay":false,"sceneViewState":{"showFog":true,"showMaterialUpdate":false,"showSkybox":false,"showFlares":true,"showImageEffects":true,"showParticleSystems":true},"in2DMode":false,"pivot":{"x":1.5745370388031006,"y":-0.48048895597457888,"z":0.21058602631092072},"rotation":{"x":0.08521712571382523,"y":0.6820030808448792,"z":-0.08052138239145279,"w":0.7218907475471497},"size":3.0000569820404054,"orthographic":false}