{"cameraMode":{"drawMode":0,"name":"Shaded","section":"Shading Mode"},"sceneLighting":false,"audioPlay":false,"sceneViewState":{"showFog":true,"showMaterialUpdate":false,"showSkybox":false,"showFlares":true,"showImageEffects":true,"showParticleSystems":true},"in2DMode":false,"pivot":{"x":0.8119722008705139,"y":0.8655802011489868,"z":0.18267592787742616},"rotation":{"x":0.13409475982189179,"y":-0.7171490788459778,"z":0.14381833374500276,"w":0.6686046123504639},"size":0.729461133480072,"orthographic":false}