{"cameraMode":{"drawMode":0,"name":"Shaded","section":"Shading Mode"},"sceneLighting":false,"audioPlay":false,"sceneViewState":{"showFog":true,"showMaterialUpdate":false,"showSkybox":false,"showFlares":true,"showImageEffects":true,"showParticleSystems":true},"in2DMode":false,"pivot":{"x":1.2164769172668458,"y":-1.2802119255065919,"z":-0.4490879774093628},"rotation":{"x":-0.2810756266117096,"y":-0.6163487434387207,"z":0.25049054622650149,"w":-0.6916395425796509},"size":3.4294607639312746,"orthographic":false}