{"cameraMode":{"drawMode":0,"name":"Shaded","section":"Shading Mode"},"sceneLighting":true,"audioPlay":false,"sceneViewState":{"showFog":true,"showMaterialUpdate":false,"showSkybox":true,"showFlares":true,"showImageEffects":true,"showParticleSystems":true},"in2DMode":false,"pivot":{"x":3.872769832611084,"y":-9.712371826171875,"z":4.590322494506836},"rotation":{"x":0.3058384656906128,"y":-0.03332327678799629,"z":0.010702261701226235,"w":0.9514399170875549},"size":27.598997116088868,"orthographic":false}