{"cameraMode":{"drawMode":0,"name":"Shaded","section":"Shading Mode"},"sceneLighting":true,"audioPlay":false,"sceneViewState":{"showFog":true,"showMaterialUpdate":false,"showSkybox":true,"showFlares":true,"showImageEffects":true,"showParticleSystems":true},"in2DMode":false,"pivot":{"x":-22.285749435424806,"y":-14.303764343261719,"z":-10.65343952178955},"rotation":{"x":-0.15283405780792237,"y":0.7727198600769043,"z":-0.203034907579422,"w":-0.5816551446914673},"size":49.622642517089847,"orthographic":false}