{"cameraMode":{"drawMode":0,"name":"Shaded","section":"Shading Mode"},"sceneLighting":false,"audioPlay":false,"sceneViewState":{"showFog":true,"showMaterialUpdate":false,"showSkybox":false,"showFlares":true,"showImageEffects":true,"showParticleSystems":true},"in2DMode":false,"pivot":{"x":1.1920928955078126e-7,"y":1.8895275592803956,"z":-0.0633414089679718},"rotation":{"x":0.10843700170516968,"y":-0.8853216767311096,"z":0.37059226632118227,"w":0.2590530216693878},"size":4.778054714202881,"orthographic":false}