{"cameraMode":{"drawMode":0,"name":"Shaded","section":"Shading Mode"},"sceneLighting":true,"audioPlay":false,"sceneViewState":{"showFog":true,"showMaterialUpdate":false,"showSkybox":true,"showFlares":true,"showImageEffects":true,"showParticleSystems":true},"in2DMode":false,"pivot":{"x":-3.2553391456604006,"y":-0.2928779125213623,"z":11.600118637084961},"rotation":{"x":-0.06493088603019715,"y":0.20773455500602723,"z":-0.013822651468217373,"w":-0.9759299755096436},"size":18.26231575012207,"orthographic":false}