{"cameraMode":{"drawMode":0,"name":"Shaded","section":"Shading Mode"},"sceneLighting":true,"audioPlay":false,"sceneViewState":{"showFog":true,"showMaterialUpdate":false,"showSkybox":true,"showFlares":true,"showImageEffects":true,"showParticleSystems":true},"in2DMode":false,"pivot":{"x":10.214881896972657,"y":10.417315483093262,"z":-7.993758201599121},"rotation":{"x":-0.32960933446884158,"y":0.2942050099372864,"z":-0.1088905856013298,"w":-0.8904740810394287},"size":1.6038126945495606,"orthographic":false}