{"cameraMode":{"drawMode":0,"name":"Shaded","section":"Shading Mode"},"sceneLighting":true,"audioPlay":false,"sceneViewState":{"showFog":true,"showMaterialUpdate":false,"showSkybox":true,"showFlares":true,"showImageEffects":true,"showParticleSystems":true},"in2DMode":false,"pivot":{"x":-2.419210910797119,"y":-9.416704177856446,"z":-25.398662567138673},"rotation":{"x":0.08728879690170288,"y":-0.9124429821968079,"z":0.29421666264533999,"w":0.270675390958786},"size":19.161645889282228,"orthographic":false}