{"cameraMode":{"drawMode":0,"name":"Shaded","section":"Shading Mode"},"sceneLighting":false,"audioPlay":false,"sceneViewState":{"showFog":true,"showMaterialUpdate":false,"showSkybox":false,"showFlares":true,"showImageEffects":true,"showParticleSystems":true},"in2DMode":false,"pivot":{"x":0.21722272038459779,"y":-0.0371185839176178,"z":-0.46824556589126589},"rotation":{"x":-0.15962930023670197,"y":-0.09059137850999832,"z":0.014720290899276734,"w":-0.9829013347625732},"size":2.3032588958740236,"orthographic":false}