{"cameraMode":{"drawMode":0,"name":"Shaded","section":"Shading Mode"},"sceneLighting":true,"audioPlay":false,"sceneViewState":{"showFog":true,"showMaterialUpdate":false,"showSkybox":true,"showFlares":true,"showImageEffects":true,"showParticleSystems":true},"in2DMode":false,"pivot":{"x":6.033778667449951,"y":1.9323923587799073,"z":-8.656885147094727},"rotation":{"x":-0.16001687943935395,"y":0.3997516334056854,"z":-0.07108546793460846,"w":-0.8997445106506348},"size":4.309441089630127,"orthographic":false}